Gilberto,Lowin,2,CR47 7428 0974 7071 7562 2,1167.28
Calypso,Carville,3,FR36 0461 7977 05SK 6QCD BUXU F15,1179.71
Miof mela,Megany,2,MT39 KYWK 1254 2BQC MJB5 0XON QBAU 308,969.18
Rhea,Ewdale,3,MU42 TRJH 4441 9814 2370 9856 567E IV,546.08
Tamra,Hullins,3,PT29 9705 8447 9337 6399 1180 8,796.65
Ailis,Lamball,1,VG06 MTGX 7561 4637 6819 7942,1025.81
Gannon,Rotchell,3,AZ67 NTEU VK60 03WE SGOT BJEA 8515,898.17
Julee,Macrae,3,SM91 W660 1749 663L NMG8 IL99 IIR,720.28
Lou,Bizzey,1,HU14 1780 7087 3595 1608 7335 5301,328.1
Brant,Cotte,3,SI13 0979 5627 2816 855,637.73
Thorn,Lawty,3,KW46 QQWP VIZT ZE3P CBAK B8I0 N8UM RU,489.74
Laurice,Leonard,2,MT42 JGLJ 0652 9J7V SPCG KHP7 9RVV 44G,334.95
Gwenni,Sheron,3,TR52 2762 6YCM AWQN QE7R SCQP V3,1048.56
Mohandis,Hughesdon,2,DO88 KWUD 1075 3409 3053 6772 9318,435.34
Jennine,Mungan,1,AL43 6958 8752 4RYD QXER XKSG RSFH,293.92
Valli,Broyd,3,PK54 JHKI ACDY 8NIH BA3S LDII,1179.61
Batholomew,Blevin,3,FR25 8703 1265 33JY H5J4 1X7Y O92,993.3
Dillie,de Amaya,3,HR91 2802 6148 7029 7021 4,1038.32
Ive,Avison,3,AL02 0007 1098 WQAG TMJ3 BULJ 1ZDN,1001.18
Cesare,Gawler,3,FR92 6967 4002 15CY 1XP2 CW48 J15,525.23
Calypso,Carville,3,FR36 0461 7977 05SK 6QCD BUXU F15,1179.71
Miof mela,Megany,2,MT39 KYWK 1254 2BQC MJB5 0XON QBAU 308,969.18
Rhea,Ewdale,3,MU42 TRJH 4441 9814 2370 9856 567E IV,546.08
Tamra,Hullins,3,PT29 9705 8447 9337 6399 1180 8,796.65
Ailis,Lamball,1,VG06 MTGX 7561 4637 6819 7942,1025.81
Gannon,Rotchell,3,AZ67 NTEU VK60 03WE SGOT BJEA 8515,898.17
Julee,Macrae,3,SM91 W660 1749 663L NMG8 IL99 IIR,720.28
Lou,Bizzey,1,HU14 1780 7087 3595 1608 7335 5301,328.1
Brant,Cotte,3,SI13 0979 5627 2816 855,637.73
Thorn,Lawty,3,KW46 QQWP VIZT ZE3P CBAK B8I0 N8UM RU,489.74
Laurice,Leonard,2,MT42 JGLJ 0652 9J7V SPCG KHP7 9RVV 44G,334.95
Gwenni,Sheron,3,TR52 2762 6YCM AWQN QE7R SCQP V3,1048.56
Kennith,Lacroux,3,DO48 BWL8 7313 8543 4578 4897 6062,724.75
Shawn,Offord,2,AZ83 AXHZ YXNZ U37D TYRW YLCE 1REN,760.27
Ermin,Everleigh,3,PK96 LVBP T0Q8 QSDF KVWW NWIS,204.71
Mari,Brauner,1,MU64 UZNI 5225 7788 8192 5577 542W TN,968.54
Rutherford,Clyde,1,SI90 6435 6727 2297 965,592.83
Marlo,Mattacks,1,SE08 9814 8397 1039 1679 4998,868.31
Delilah,Simunek,1,VG34 UMYQ 1517 8271 8801 9005,471.24
Bianca,Bowes,2,HR54 9937 7918 2989 3631 8,805.16
Jerrome,Licciardi,1,KW08 HLLX 9Y9H EJXZ 6NRS 13TF RPLY SG,217.91
Decca,Ivanikhin,3,AD05 6188 9574 QEPA RFRL DMPP,626.62
Mia,Clapston,2,SA21 32P7 KTD8 MCAM XTEV JVWZ,405.55
Michel,Mawditt,1,HU12 6508 5755 4448 4105 4185 2878,841.47
Eleni,Silversmid,3,TN96 9927 4589 9645 3655 3141,987.41
Vale,Barhims,3,FO68 4291 7913 2367 72,619.73
Keven,Milsom,1,AD04 3755 1690 Z0NN ON9B SA17,734.04
Mahmoud,Mundford,2,IL14 4986 1254 8910 9434 712,1192.47
Roderic,Baudts,3,CH32 0274 6XHU LRNN GDFH H,563.92
Christian,McCorry,3,BH60 JSEH 1M0V YIKS PCSV ET,861.47
Crissie,Betteson,3,FR68 9978 2931 69TV TFUH Y854 714,935.54
Callie,Duggen,2,CZ44 7402 7172 2604 5606 1920,1163.69
Lonni,Saxelby,3,GI76 ZZQS 0QLR F6GW QFWH OFY,1060.29
Karim,Tomisch,3,FR46 5688 1904 915X 5FUW EZF9 F55,248.32
Eulalie,Linnitt,1,FR11 7035 2407 41IQ EVOO UMX9 O79,682.57
Murray,Rooper,2,FR11 7629 6361 79AG AWIX LJVS O33,399.11
Alfy,Rich,2,AE91 0525 3819 1996 5698 315,1037.91
Thedric,Nipper,3,FR94 0760 6888 277S RUOM MURK W91,323.45
Carmon,Baggallay,2,MU45 LWRP 6938 4829 0038 5604 461B PB,1187.8
Kaia,Fronczak,3,GT22 WLED SRXB YQIH J6HO XTVH FDNL,844.91
Morty,Roncelli,2,FR24 8547 8081 34OD KCE8 BMGL L03,455.78
Pincus,Cheek,3,FR33 0411 4891 28CX WKAY ALOQ K69,671.29
Sondra,Tattersill,2,HU11 6600 3505 1008 0505 6193 4446,450.21
Orella,Rack,1,KW33 CKVH SPUC W2CM K9NP B4YG RXCL PN,455.65
Franky,Criple,2,MC36 8184 6835 46TJ VL42 4TL4 J06,972.17
Gretchen,Castanyer,3,GL56 4619 8102 3752 81,1053.84
Ara,Bagnall,3,FR12 4521 1030 22FM ZVOW FR6Q 900,709.42
Clayton,Pasby,3,FR61 2126 3054 92WH TTXD F8V3 B57,1018.87
Lanae,Garey,2,MD41 NEJW OHVO FYVF 588L MSHL,515.81
Amandie,Weinham,3,LI91 6783 2AOW NAMM UTI8 H,389.5
Kenyon,Trowell,2,FR11 4846 0753 47X5 NMYU FR7Q Q25,1076.82
Maggy,Terbrug,1,HU49 9076 7915 2449 5802 8159 1569,443.67
Hetti,Twelvetrees,2,FR08 2524 4268 31FG 6YPU D4VH 928,833.19
Fraze,Slessar,1,PK71 XOPS U1ND JLKA U67U XZV3,256.3
Rollins,Innerstone,1,LU25 825C FZGR E9AV NMH4,1082.65
Darell,MacGuigan,2,KW08 AHJT DKUL IQTG AOGL QS8K Y52T MW,780.55
Christiano,Jeckell,3,GT93 3BII QDK2 OBNC KSCO 9FBD RAEP,882.75
Jo ann,Rea,1,IT81 D410 7874 376X 6PK8 JLKQ RVZ,774.9
Emma,Hodcroft,3,SK53 8141 2581 4283 5583 9310,408.5
Kenyon,Trowell,2,FR11 4846 0753 47X5 NMYU FR7Q Q25,1076.82
Maggy,Terbrug,1,HU49 9076 7915 2449 5802 8159 1569,443.67
Hetti,Twelvetrees,2,FR08 2524 4268 31FG 6YPU D4VH 928,833.19
Dedie,Dunsford,3,DO08 QROJ 6832 0471 2119 0779 6943,469.14
Georgena,Hillaby,3,IS69 6369 7577 5049 0578 0549 59,1186.8
Salvador,Roberto,2,CY80 9268 6806 WKZW KMFL NBPK YWWU,697.5
Yolande,Glyne,2,SM54 A517 1120 417H F7QC VPWU OBD,720.07
Margarette,Goodricke,1,PK96 AHHL CKVK EQSK B4KW QEXX,1049.46
Bibby,Jefferys,2,FR85 5383 8810 87YM 9WNT X8QC Q42,1103.12
Riane,Comiam,2,FR52 0288 8297 14LC VUPA VOER 531,999.86
Phillie,Pennock,1,SA88 73ZP KAKA BUQB 7FYO BBIQ,896.39
Currie,Duffett,2,KW56 NTKL HICD LJD3 CVRU GD9P Q2PW VZ,1028.24
Abner,Brugger,1,ES03 1899 0307 3482 5658 1164,772.61
Ban,Batte,2,CZ38 9766 5486 9297 8565 5861,626.58
Romonda,Bilt,2,AT71 6227 8417 4406 0770,246.47
Carmelle,Ancell,2,CH80 5573 6BPH MOS1 YXFE P,230.3
Albina,Sabban,1,MT83 HDQG 8626 3ZX2 KFMM UQOA WBDI TIR,444.64
Jemimah,Madigan,2,GB84 CVQC 5794 2104 1918 26,395.89
Roselle,Studders,1,GR22 1942 4744 2TCY OFBL MC8J EWQ,608.62
Selene,D'Agostini,2,NL15 KIZY 7023 0566 10,299.35
Durante,Streatfeild,3,HR59 7764 9593 0624 1850 1,768.12
Koo,Coldwell,2,FR73 1043 4394 47HU 1L8K QCJH A55,761.2
Georgette,Giacobini,1,CR36 8917 8949 0722 0270 2,493.13
Granger,Anfosso,3,PL17 7860 5865 4584 1902 2963 0048,619.54
Dawn,Aslum,1,LU12 4185 DDCC CBA7 OVYX,1029.16
Ailbert,Killby,2,FR75 9870 1363 05CH EP0L UUZE F81,493.52
Carry,Collar,1,LU78 526U GPQX GFA7 CWYZ,989.42
Abbie,Kunkel,3,CH44 1525 9RUY ILEN LZ3L I,239.25
Giffy,Silveston,2,RO42 HYTO KMYW GWK5 3KHD UCTU,794.34
Nalani,Thewlis,3,BG90 CGHG 7425 16VW OBTB GD,819.12
Nickola,Pestridge,2,FR81 4227 2012 86G9 ITFL BPJT H60,481.87
Kalli,Harlick,3,ME08 3791 5551 7455 6815 78,449.13
Cybill,Sheara,1,SK20 0053 8724 3749 7883 1918,869.32
Marcus,McKeady,2,LU57 807U V5VS 0DSE JASH,917.25
Joyan,Cornford,3,GI25 TWDT 5LAJ OHLY I6R6 2C4,672.38
Sigismundo,Brooker,1,NL92 NCXM 9614 2434 28,970.43
Robina,Artinstall,3,GR79 5067 852K ZPKT BMKO 7QDV P1M,224.75
Ulberto,Durand,3,LV08 VKEI CUDC VZVR VAXO X,404.15
Kimmie,Sainer,1,ME39 2436 9471 1872 8018 03,909.83
Ashleigh,Morris,1,RO91 ZJEB 9VUF AUKZ 1RRO BY72,293.88
Syd,Shirlaw,2,DE38 3843 9770 0205 7722 58,369.02
Miles,Donett,3,CY73 8837 6016 PSHA AMJR CWH4 O7TU,248.76
Jena,Hincham,1,NL40 PBKW 4368 5003 61,1046.97
Kyle,Hynson,2,ME83 1747 8068 3949 9419 58,895.48
Danica,Mashro,1,IL34 7717 2662 5061 9882 994,205.4
Nobie,Brixey,1,DK55 7097 6195 9423 23,701.19
Astrix,O'Rourke,3,SK31 3462 0184 8621 5356 5620,591.06
Moses,Krimmer,3,DK41 6254 4182 7615 89,211.29
Laurent,Leake,2,IE28 RQGR 3816 4334 0412 19,470.03
Wyatan,Swannell,1,KZ09 5502 BXOA L9DL ZYES,249.54
Raviv,Janning,1,LT29 7449 1783 9174 7450,1150.81
Kimmie,Parrin,2,MU63 FMGI 6843 8422 8161 0334 449B OX,366.43
Aloise,Eland,1,FR67 6799 8435 61SW W47R 70CL E24,425.89
Leila,Lytlle,2,FO14 9208 7822 3424 54,644.15
Carolan,Malarkey,1,MC98 3515 6925 23Y0 RR8W UIKN S88,304.15
Guendolen,Gossart,3,RS42 0003 4914 9340 4044 85,736.15
Pooh,Rossbrooke,2,MT12 RUJY 6441 29ZT 55KB GLBB UBFI D3T,453.35
Carita,Niland,1,MD78 F2QY RDN0 ONCT 2SY0 LWJK,738.08
Ronnie,Goare,3,FR64 3019 5525 055N 1WYE APW1 O83,1144.72
Shepherd,Liepins,2,AT49 4594 6723 8567 5362,1046.97
Quentin,Milne,1,IE80 DOQT 0474 7334 4927 94,885.96
Calypso,Glencorse,2,IE71 WTFP 9006 6699 1907 14,532.9
Leonelle,Bohling,2,VG78 TUNV 4882 0852 3796 8914,239.1
Merna,Bartlam,3,PK40 JERS PZ7W 9QCG TXZZ 3ET7,504.21
Gian,Auden,1,CZ84 3460 2325 2170 9026 8201,395.26
Fielding,Itshak,3,BH15 PRMB IVEP IIVZ 3CIC ZB,559.3
Sandra,Bilbie,2,MK76 001P IPEB MDLK C27,231.2
Callie,Vawton,1,FR16 1693 5166 10JU LOPH PLSC 771,1099.91
Curran,Jovicic,2,DK03 3032 5569 6293 38,780.88
Whitney,Minucci,2,FR82 0277 7029 94LV EJSB ZFMK M51,439.07
Hamilton,Lundbeck,3,EE83 0751 9800 2765 4311,967.78
Nelia,Blinkhorn,1,GR84 7167 2731 T2HB ZD5A SIC9 6VN,858.2
Jackelyn,Keppie,2,IL27 6935 8917 6213 7767 333,523.78
Rene,Gullane,2,MD37 CXO3 UZNR 6ZQS 7XJR O82O,382.97
Shalom,Risso,1,SM63 N690 3658 379W R3SS Q8FP AS7,909.68
Farrel,Ragot,1,FR72 6872 9126 329F Z4NX TFYM J21,579.31
Richmond,Eyers,2,FR92 9128 1410 88RW VDY6 BOZK Q93,317.95
Eldredge,Giral,3,MC14 7512 7890 44Q1 5EAR CZBV Q38,243.39
Gayle,Le Leu,2,LV49 BICQ NP1Q XM28 TB1I F,829.56
Shannon,Lydiatt,1,PK25 OQNO RSWN ZMQS CF5I L5EW,1171.38
Patricio,Holdron,2,FR58 8545 3132 48UR 2TCZ Q3IE L84,572.44
Cassi,Nield,1,MC04 9858 1423 10RM CVQN Y1IS N40,1184.3
Nathalia,Hards,3,NO98 0813 2738 915,539.07
Blanch,Fendlen,3,SA96 22I2 XN6E 4ODC 2XOR UGD1,206.78
Wayne,Bartels-Ellis,2,GE60 AF58 7886 5148 4247 13,960.77
Randene,Halbard,2,LB03 9205 ISYA CDI7 FOO3 MEDF JDG9,525.8
Hershel,Stearnes,3,FR39 0144 7701 27GV DTAK XHYS V08,393.42
Guinevere,Rosengarten,3,SE62 2441 6081 0415 6479 5012,630.74
Frederich,Hasnip,1,TN57 9218 2956 4895 4772 1882,1103.62
Zena,Burbank,2,FR42 7632 7772 35H3 U47W SOBA H26,330.44
Liva,Benfield,1,SE47 4879 9253 8002 5093 6611,348.95
Renell,Percival,1,NL29 SZUW 3277 4341 62,601.91
Pacorro,Bridgett,3,GR33 8763 6430 AA6J M4ZK RSFH LUU,428.7
Gwendolin,Antonoyev,3,FR12 1390 5597 48CS ZVQ0 CSJW R70,654.88
Pate,Kirkland,1,SA45 44BO K9KD 8SDZ LOZT 5PA3,1089.73
Edmund,Gerrish,2,FR51 1315 8031 18KZ 31QM APDI R11,596.33
Cynthie,MacLucais,1,BH81 IIIU ZAPB 0U28 CP9B 02,970.16
Meridith,Barok,3,SI41 6585 2650 9644 717,686.05
Brigid,O'Doireidh,2,SK56 8175 4636 0347 1454 0027,593.14
Cindi,Allery,2,FO51 3702 0447 3966 14,324.01
Lilla,Croucher,1,SA31 95NZ YYPX WKIV J6WJ IM27,327.33
Holly,Lippiatt,3,SK56 5917 3650 4655 9454 3600,986.34
Yoko,Sansome,2,MU69 GXWV 5557 5603 3655 5073 406B WR,798.96
Gabe,Niblett,3,NL63 PTKL 2668 8762 02,829.06
Harold,Ferrao,1,KW16 CGWQ 9L3U VRBO V2RN JFUW GUAA RZ,1179.32
Jeanine,Donavan,1,SK22 5399 1205 3411 0656 4553,347.84
Cristi,Soro,3,FI16 7134 5968 3709 45,548.49
Karlik,Borghese,3,BA86 7750 4859 8559 8516,232.7
Meryl,Dienes,2,GT20 FTFZ 6PPZ DR6K 03RG VEM6 TT4R,979.75
Kale,Gaughan,3,NO90 8630 4774 637,853.14
Ax,Brumby,2,IT31 J728 3101 557I FPGX FI9N 5DL,573.45
Sholom,Dowe,2,MK58 0289 C1AZ AVHY 855,349.91
Bobina,Jeacocke,3,FI78 4942 5251 7109 66,234.53
Orrin,Tolcher,2,LB64 6970 AILN MRK0 2S8Y CJQ6 CAZN,851.51
Constancia,Impson,1,BA68 4486 7297 2500 4649,417.89
Elmira,Paulot,2,IT53 U240 1821 4344 MXJQ E3CS X3A,312.23
Jacques,Springer,3,IE46 AYAL 9929 4082 3362 31,599.44
Esdras,Maher,1,FI72 6765 2220 0283 67,1019.42
Luise,Kleinzweig,2,FR93 7543 5820 17FG 19AK 9X7J G54,1055.82
Anthe,Merriman,3,BR05 8927 6050 1387 4725 8497 140X Y,381.71
Enrico,Belcher,3,MT42 CXGY 7600 1RLT 3LKN M2UF 3BRT U5P,698.58
Michaella,MacGee,1,IL88 2871 1065 6177 7226 266,619.87
Lolly,Ranfield,1,MR51 1784 2332 2486 1080 3006 719,775.5
Latashia,Baribal,2,MD32 49MO PUS8 EULA 5GFH NABM,833.47
Clemens,Coombes,2,BR07 1749 9954 1234 2112 8408 657Y H,1033.57
Chelsae,Ayshford,1,AD78 5732 4800 FQKZ PJ1I IR65,412.75
Tamiko,Clamp,2,FR62 8793 4874 50QH MY9P MFZL H43,975.97
Lacie,Svanetti,1,LV47 VGWV 2KXR XH6O PNDI K,318.17
Padraig,Sawford,3,FR11 8905 1202 57TA IJDI LS2Z Q77,1114.37
Parrnell,Trewhella,2,EE05 0795 3619 9471 1308,740.3
Lucho,Cosely,3,SI89 9622 5864 6162 355,574.75
Sully,Cafe,3,FI14 3021 0666 5123 60,785.64
Claribel,Ducker,2,AZ88 UXRS NH0K ZGQ6 JWEU OFC7 9A1C,932.22
Winne,McMeekin,1,FI62 3429 4324 8004 29,824.22
Marco,Stredwick,3,FR49 0826 9087 362H QTIF K829 T68,231.54
Erasmus,Hustings,2,PT37 8189 6324 3610 8289 6850 5,224.05
Thorvald,Bootton,1,NO22 0984 8220 688,1114.03
Ivar,Stamp,1,SE55 1356 6217 2921 3381 3703,1153.63
Gunner,Furphy,3,AL16 1318 6218 IDP9 GZ3M AGCJ 44XU,693.11
Debi,MacGee,3,IL24 0196 3785 5216 2770 920,248.77
Randal,Scougall,1,FR22 4987 5747 51KD LQDJ V2BO H08,1145.15
Hephzibah,Gerrens,3,HU68 6382 1685 7076 7209 6391 0119,986.02
Olivie,Brannon,1,NO38 1885 3974 134,817.55
Anestassia,FitzGilbert,1,RS09 7085 0542 3654 5605 40,454.55
Katti,Killigrew,3,FI81 5547 8202 0565 47,426.92
Benjy,Juett,3,HR93 9359 5979 6645 0533 9,596.13
Lu,Weinham,3,MC24 9467 9701 26JN ZQG0 UJK7 O63,967.62
Dorthea,Tomasian,3,CR67 3154 0609 7526 0452 0,979.78
Karim,Latliff,3,FR87 1900 4603 32C3 RV2B YFFU Z02,920.05
Charity,Girke,2,SK89 1891 6213 9499 4179 4619,230.39
Friedrick,Stanborough,1,ME37 1015 9364 6001 6106 68,947.53
Gabriello,Clearley,3,ME49 3647 7920 5864 8124 52,685.17
Nat,Corsor,2,AT27 0705 4735 6324 2735,713.2
Melamie,Quarrie,1,DE83 6963 9444 3303 1088 03,703.63
Larisa,Adnam,3,FR09 9264 5148 45WU DMPG GYPM A93,924.85
Allis,Farebrother,2,FO93 1390 3654 1982 93,673.92
Aldus,Sheaf,1,LT12 3561 6798 5173 8490,324.55
Ediva,Jozsika,1,AD73 9763 5396 3KND H1SP KZE6,952.36
Betty,Wakerley,3,IS13 5188 7100 4125 4158 1379 80,1035.24
Mortimer,Tickle,3,FR03 9026 1767 44MQ RH0D 9PJ3 P12,838.76
Nannette,Balderson,2,LI03 4117 04JP FFOF XUZ3 A,537.96
Karna,Dearnley,2,SE02 0668 8764 7394 8384 3637,577.85
Luce,Roussell,1,GB03 SFZZ 3254 5317 8427 06,1155.18
Ebba,Indruch,3,NL61 YBZW 5808 2580 35,484.34
Darsie,Lax,2,FO29 1223 5168 7078 16,994.05
Timmy,Leneve,3,MD02 5SBD X07Y JE89 OL6T D1FB,627.86
Shanna,Loxston,1,FR10 8781 8442 07WO QKWN 8G5J O22,1167.81
Kennie,Pinkett,1,KW86 JDGT TWPM IP3U GA9D XRYX EZWC JH,984.15
Osbourne,Mosedale,1,BE67 8920 6687 8874,286.26
Manolo,Stroban,3,FR60 9067 0371 40SC YNLG T9SV F57,613.02
Melessa,Paulley,1,FR94 6172 0897 52Q7 JZBJ ZTOQ D28,702.27
Hayden,Phillipson,3,MR11 7446 0626 9221 8740 6050 942,1055.06
Corinna,Sharpin,1,DO88 70DU 1758 2507 4659 0928 5353,994.35
Yvonne,Moy,1,SM19 B085 4764 836U 1GFY K4ML IRP,691.16
Shanda,Beeson,3,AT24 4162 5302 0511 9183,771.85
Nathalie,Cordle,1,PT32 7744 6693 7432 9517 3282 3,648.22
Gwendolin,Simonetti,3,ES10 0568 7861 0722 0077 0989,577.01
Selig,Akister,1,DK02 6584 9581 3194 36,397.04
Lucian,Densham,2,MU97 VJMB 7323 3318 6141 1064 518E AB,958.82
Monika,Allner,2,PT18 8428 5058 4351 4594 9608 1,732.84
Elsworth,Horsey,2,LI86 3764 1RHV 99EE 4ANX 7,946.58
Edy,Klimkovich,1,NO15 6099 8489 346,953.88
Martainn,Strippling,2,DK40 8103 2931 1550 84,782.69
Ki,Iacopetti,3,PL46 7848 8556 7994 2070 5843 1735,589.87
Rhett,Weatherhogg,1,FR02 6706 8263 57DE RBB1 EAFU R59,773.2
Nelson,Hunnam,1,FR06 3239 1813 98CA LEDY TJSC O85,402.79
Alf,Dietsche,3,HR34 8892 7289 5194 3611 5,461.1
Morly,Osmund,1,IT72 Y630 4819 739C N6AN JO4F NCG,743.18
Steffen,Baily,1,BR73 8856 6016 3791 9908 0964 481L D,705.52
Dotty,Lasseter,2,TR55 1904 5A9A HCNQ PNLN SO8K QW,687.35
Winnifred,Anglim,2,PT96 4752 8655 3221 9340 9403 9,245.95
Gabrielle,Ingerman,3,PL05 8148 5669 8358 4803 4802 6963,723.77
Hussein,Gerrie,2,SA60 048B Y7NX 1RZH PXPZ XSYC,624.07
Fayina,Hordell,3,FR95 8268 1613 408Y HH5E G6IO U07,969.45
Belicia,Simmance,3,FR36 9955 5064 71PK TG1G P9L9 N87,1107.43
Byron,Maundrell,3,FR72 1786 5792 92FW GNR7 PK6N L70,739.97
Daria,Leighton,3,FR77 9537 2409 18QJ FLBO JZOJ J41,961.71
Georgia,Vaisey,3,FR90 9357 3616 108E QLJF 4Y4X 037,674.02
Adelice,Bromell,1,AD53 0200 1595 ZNMV UPSW C0RJ,664.57
Archie,Prettyjohn,3,IL95 7769 9013 1742 0106 814,630.34
Garald,Milham,1,FR86 3991 1399 12XO VW2V 1XZ2 M65,847.92
Roselin,Ewin,3,LT14 0139 1467 2374 9645,715.51
Vania,Alexis,1,BR98 0641 8228 4513 1320 8401 542V X,726.65
Loleta,Arnhold,1,AZ59 MWRA QCJE WU68 G7L0 5ZQT PA7A,913.59
Jayme,Moppett,3,CH39 0678 2ZLV 3BLP UCTY V,247.93
Karisa,Chaucer,3,FR94 1971 0019 23NN XPUE JBZF S73,869.58
Sissy,Dummer,1,FR85 8283 3206 40Z5 ASI2 YUZ9 Z35,1082.44
Adan,Orpen,3,FR91 0141 3585 00NC 3O1Y N1AB X50,809.05
Pattin,Temlett,1,SM38 U843 2004 775D 6J4Y KTWP HM1,347.02
Win,Michelet,3,AE37 6520 6365 6454 1702 180,404.64
Ryon,Crellin,2,FI39 0428 0372 1396 92,372.09
Bondie,Dobkin,1,LV78 KMYT 9KZY 0UAM 0ZAL S,782.02
Norean,Finlayson,2,AT09 1075 9931 6506 3201,813.05
Joy,Mixture,2,SM63 R331 4595 946M EQT3 MZ8S T0W,477.74
Jobi,Tuddenham,2,FR40 9616 3033 42FZ GCG4 MQN5 A44,1024.32
Daryn,Menhenitt,2,IS23 2498 9721 1144 5032 7460 52,1014.61
Hyacintha,Klassman,1,FR47 4017 4837 57WL HLNQ KKP6 N52,641.86
Carlyn,Erickson,1,BA61 7268 6706 4905 5100,538.53
Leonerd,Ropkes,1,BH14 JQIO F43M F2WW JLMI 2I,308.8
Jessee,Braham,2,MD02 GQNB GLF1 5954 9QAW NJ1J,385.52
Sandye,Guerin,2,FR60 9715 4408 62J3 ZODW 186F V84,269.64
Colman,Klimkovich,1,CY24 2911 7170 ZJMS AWHR YUBQ WSYI,669.25
Cortney,Esparza,3,SM87 D132 0222 012D WHQI U6DM J7P,284.19
Kevin,Woolforde,2,BH58 KLZB METC C4VL XB1C P6,705.72
Cordy,Brattan,1,ES54 5061 9259 3413 6173 4158,594.58
Ashlie,Blanckley,1,FR39 2969 3042 47KV LNCE OZUQ T39,832.71
Erroll,Bevens,2,LU21 882E TMZX 4MNF FC58,335.69
Ilse,Skuce,2,NL62 ONIP 0523 7239 29,672.6
Nedi,Gleed,1,LV88 ZOFM WBYJ DQPF OGCL N,763.91
Hyacinth,Burr,1,FR15 0234 4208 90UR 2OWU 5CRT F18,361.33
Charil,McBratney,2,GT03 YAWM 7WSW PLX1 DMX4 KTOQ 0EZC,210.79
Brynne,Haddington,1,PK36 TFYU L3I0 DMBU W6BJ SBAB,1075.93
Germaine,Youd,2,FR19 8423 8021 08TO QVMH UJD2 U43,350.98
Othelia,Whiting,1,VG86 LFMD 6763 0653 5953 6464,1084.22
Sherye,Van Hesteren,2,BR80 4945 1759 3010 4646 6285 411B D,346.23
Annadiana,Messingham,2,MK80 935V JLLP MLEX A99,584.74
Von,Culshaw,1,KW91 POSQ F8OG 1ZWF EIGO KOBP RBTU MZ,464.65
Hale,Fradson,2,MU72 OBDJ 1672 5137 6201 7856 873E JH,443.46
Tiphani,Algeo,1,SM31 J208 8972 461V HBKP OORS KE4,765.93
Kameko,Bellis,1,BH85 QKGK LYFU TSV5 TSRU XR,909.75
Lu,Lindsley,2,PT41 7226 2581 2274 1967 3255 6,777.37
Emmet,Morriss,1,IL48 9246 6987 4907 7543 819,1115.38
Fan,McMahon,2,CY54 1000 6626 8ITC KZL5 QFEI UW61,363.44
Fayette,Conquest,3,ES59 6745 3806 6111 6974 0204,563.59
Emmanuel,Hessle,1,AZ86 CMKU MCDP PVNV W2RJ TYTF KFAT,252.01
Biddy,Akehurst,1,FR90 1382 2544 55UT ZQNW EUZ5 I68,411.18
Timmy,Cronk,1,HU14 2222 0037 4237 8317 5304 0713,858.04
Lonna,Hanby,2,GL32 6404 8734 7488 12,575.38
Salmon,Salvati,3,FR36 5842 7680 85QR ZLQX 41JS W88,1106.18
Carlie,Jukubczak,3,CZ27 8836 6391 6009 4511 5354,760.89
Reinold,Lembcke,1,FR93 9124 8633 69IB 2VDW DXU8 R02,845.38
Cirillo,O'Lochan,1,GB85 DERE 3626 5793 4694 66,1113.53
Jenna,Urridge,1,TN67 0054 9667 6490 6523 1775,662.33
Colleen,Buttriss,3,VG28 VMMK 1242 1054 2831 8417,363.37
Arvie,Gehrts,2,TN21 3595 6353 7161 2351 3544,909.37
Ermengarde,Rumke,2,FR29 1183 3003 89DD KZDK CF6F J26,251.22
Scottie,Simes,1,CZ30 7719 3126 2069 0890 7921,1038.46
Moises,Phillps,2,KZ88 650R XLOI 6ICZ P4SN,780.94
Peterus,Gebhardt,3,MU43 CTPK 5348 0989 8534 1885 468D HX,1159.48
Page,Cadman,1,ES31 2445 9407 0892 3017 8140,1193.95
Thor,Tidswell,1,DE55 6140 5159 1367 9452 68,373.61
Sharai,Wreath,2,GL76 7402 8277 4067 80,332.67
Filmer,Piperley,2,SK12 2262 5005 4806 1429 0534,224.75
Gabi,Gailor,2,AZ85 LZVZ JZ3D DKQU 1FN5 EQCH 76GU,812.62
Jsandye,Heaslip,2,DO43 95WG 0184 2347 3879 3435 2533,915.92
Ogden,Glaister,3,AD58 6286 8628 GK2X O8N6 IXQX,842.36
Kelsey,Gilhouley,3,GB96 NJDO 1695 0043 3687 12,240.62
Stevy,Maberley,2,TN05 0189 2481 3922 2815 6605,390.38
Dyanne,Mugg,3,AT28 2727 0086 8544 8237,311.75
Ange,Arnaudot,3,FR70 8278 9572 99ZY IZ4D S99X Q82,798.99
Myrah,Hug,1,FR92 3795 3700 95AS WDDC ID5K G28,497.67
Ilse,Fishbourn,3,MU48 JRBT 2130 5884 3695 2014 741H OL,538.51
Pen,Gladtbach,2,FR37 7988 2203 52TP 391P B88G H13,819.53
Elyn,Kemitt,3,FI24 2682 2333 0361 27,654.64
Blaine,Oakeby,3,FR53 7018 4093 16YN GGIH KTKC R60,472.24
Mariellen,Denisevich,1,FR11 1140 7338 43CM D8DB BDJH 925,546.22
Noam,Wheatman,2,FR78 6901 6071 06IP SCJF WTMJ I73,906.2
Blakeley,Rikard,2,PL75 7404 7313 6527 3441 5738 9139,702.83
Ulrica,Machan,2,NO47 7300 7551 460,493.58
Eward,Cutill,3,PL21 0357 2153 9740 4553 3022 4562,287.27
Godfree,Shingler,3,BG63 FQGZ 3368 32UK GVMW HG,1090.86
Findlay,Colles,1,GL42 2294 5859 5580 70,794.1
Tiphanie,Spurdens,1,MR65 3212 0887 8183 0485 0743 420,990.26
Gunther,Flukes,2,GL69 9529 8114 3619 86,997.37
Barbe,Gowing,3,NO55 6541 0845 190,852.63
Bjorn,Helsdon,2,GE61 EU03 9516 3818 7317 58,1117.64
Erv,Anlay,2,FR55 3425 1621 62KO AJ7L CIUS T90,745.71
Mohandis,Hrynczyk,2,SI59 9352 8836 5611 483,1098.55
Thea,Chatenet,1,CR14 1892 0102 2387 1032 5,735.25
Doti,Renton,3,MU97 HAFI 7160 6599 6315 0054 637I AU,1109.57
Lainey,Bosse,3,SM16 M288 8507 223V FXPV I7CQ VWH,439.0
Jade,Lissandre,3,IS78 5921 9241 8446 8617 0850 79,638.79
Nonie,Shirlaw,2,TR22 8532 1NS6 BFEE BNBX CB2B CU,762.15
Ephrem,Lissaman,2,MT94 NRJT 3637 1020 3ZWI HRKO O8ZU 6TF,836.55
Jessalyn,Crossby,1,CZ85 4147 6734 3174 2229 4348,512.32
Tamma,Stanier,1,LI57 9800 9BPN WOI0 KKCP I,214.89
Flss,Fleetham,3,SE74 0031 6281 8123 6844 8567,286.43
Idalia,Lapham,2,GL82 2072 5137 3319 33,720.02
Gene,Biskup,2,IS59 9016 8390 1915 0878 8246 15,1040.78
Cos,Haith,3,PS40 OAVT QAQ8 LR02 OBYY V76W 54JU L,592.92
Vina,Cullinane,1,HR94 3119 9978 0732 1681 8,370.83
Latia,Ravel,1,ME90 3560 2267 7449 4515 52,430.29
Korey,O' Driscoll,2,TN29 4118 9483 1399 9743 8058,671.49
Fredra,Di Bernardo,3,FR51 6933 7085 78FL EPCJ DCM3 313,694.65
Elspeth,Cardenoso,2,AT11 9697 6731 4273 3361,630.9
Malchy,MacDearmont,3,EE06 0249 8408 2146 3038,857.86
Aimil,Barwick,2,PT63 2879 1869 0171 9529 8113 5,240.53
Enrica,Bichard,2,LV60 NCID BMCE P9V5 PO9D W,885.56
Adel,Delacour,1,FR89 6965 4656 53U9 IYZM 1I2Y 134,312.44
Toddy,Bucklee,1,NL77 BWYV 8621 9414 27,808.83
Sibylla,Hugli,2,FR77 0539 6794 36RC GTDQ DPQA Z95,1008.0
Kat,Passfield,1,AZ45 FYHE VKXZ P7IF T7K5 32AN 0SRJ,247.01
Fowler,McGiveen,1,EE44 9604 9734 9381 1895,971.89
Kat,Barense,1,HU53 7962 3680 5883 2033 1119 2727,434.83
Mercie,Thurborn,2,FR41 2786 6720 234D VFWN WW6M E51,1048.82
Carleton,Bohling,1,GI95 NEIV IW0A 4LLT TABF BBA,995.32
Bordie,Arundell,2,SM46 D340 1471 704H 7MUE AOVT 5TU,209.9
Sabra,Boscott,2,MR07 9624 6006 6373 6524 9905 354,785.11
Trista,Wyd,3,FR56 7738 3839 18UR KL2N WXBM Q58,461.84
Marlin,Haygreen,3,PS60 LJFG 6TPS DKFW EEGV LRLU 1IRS E,815.21
Shaylyn,Couling,2,KW90 RJYX KWEA ULZM HN5D RBP3 EMUS MC,995.39
Andria,Diglin,3,PS33 ZGAV M6BB MTMV 6WHR VSVN 8JUL Y,244.03
Asa,Ainger,3,RS43 5939 7817 7662 4915 95,1149.58
Egon,Francisco,1,DE96 3967 1413 9487 0092 96,475.99
Jamal,Hamley,3,AL19 5948 0017 FGDU 0TJO 5UTN FYFA,1110.59
Mario,McIlreavy,2,MT04 GXMF 8488 8JHS 3SOE QWCR TWQ2 8XJ,432.6
Manny,Megahey,3,SE91 4400 4912 4947 9868 6094,396.45
Ranna,Kinnach,3,FR55 9885 3353 17I0 7YGA AWNF E02,1089.21
Sianna,McKirdy,1,RS82 9474 7748 5725 0949 90,542.85
Marmaduke,Cobbe,2,FI44 3942 4614 4641 76,889.66
Adey,Dumbar,2,RS87 1143 4942 4131 9465 74,854.81
Sianna,Barnett,1,GI28 ERYX 39VW XNDI NCJO ZLT,637.04
Danny,Lapere,3,IS09 2313 7402 0621 7265 6872 76,445.15
Gaile,Woodsford,2,NL30 PZSH 2129 0404 28,757.83
Gipsy,Mawford,2,ME62 4133 3467 1915 2624 33,800.74
Maud,Thorrold,3,KZ45 761R ORTB UZ51 RNNB,676.0
Alleen,Urey,1,VG73 NOST 0731 9410 9092 7228,458.84
Venus,Heckle,1,MD48 SIEQ TPRN FJ87 1L03 KMIX,418.12
Jamesy,Giovannardi,3,PS97 SNJT PDT6 IPAZ 5JRR 6V33 VLCG 1,1073.12
Birgit,Whorf,3,HR44 1442 7574 1159 2817 3,238.23
Gail,Langland,3,FR21 2295 7096 36V7 BVHG GHIH J36,429.84
Belvia,Bothams,3,MT84 YUPU 8695 1QBU HETX ACRK 2I4D AYF,597.87
Jeremias,Celiz,2,FR35 2667 2687 31WC USGS 7ASC B98,1054.89
Lydia,Shyram,2,DE43 4747 6605 6018 8670 17,1073.98
Murdoch,Lomb,1,SK47 5967 2698 6426 0643 1764,1133.83
Rafaela,Mar,2,LB32 1766 G5JE Y9YU PZWK 64TM 5I4O,873.12
Munmro,Bache,1,VG35 LLQD 6522 8269 9154 0717,204.79
Kirbee,Corkish,3,MC16 1719 7453 677O PCX8 FSHT R09,584.72
Juliette,Barts,2,FR49 3541 1040 65JV B13S UYF8 961,545.7
Barbie,Ivermee,3,PL13 8688 5118 1621 6491 6251 9677,344.37
Lara,Claxson,1,DE34 2437 2344 6721 5696 75,738.45
Nathanial,Scyner,1,IT06 L116 8864 467I 6F0Q 81CT O7U,973.57
Skipper,Drummer,2,GL79 5230 7098 4507 03,896.9
Aland,Slucock,3,IE32 YATI 7322 3438 7326 94,697.55
Riane,Mattes,1,CY65 5449 9294 9MWA BEAT 5WUG ZMG8,635.76
Katine,Coakley,1,AD70 6544 4516 NFGD 6MIB KQYV,949.37
Damiano,Packman,2,GT56 Y3Y3 WRNI LZUJ VOBW MTKV XLIS,842.23
Dale,Ledwitch,2,EE43 2987 1717 2710 4570,1085.14
Fianna,Brou,3,AL52 0334 7298 HOWS PSZD HWSH 3KS6,1076.77
Der,MacBain,2,IL12 5127 1831 5823 1273 510,657.61
Emiline,Mullinder,2,TN24 0255 0061 8360 5104 7902,441.49
Xaviera,Stuffins,3,BE61 4752 3542 8817,961.78
Vittorio,Goldston,2,VG38 WTVH 4698 4512 1576 8967,1044.43
Katti,Baldassi,1,KW42 YZNT 5BX1 J9J6 OFUE IKHY QXN9 FZ,203.48
Byram,Bjorkan,1,PL58 0995 5126 7949 8803 4012 9809,1154.57
Sid,Fresson,1,GE23 VH74 1819 1436 0995 29,1063.39
Davine,Dietzler,1,CY41 4949 1549 QGQN KNR7 AZA0 FO5X,960.44
Tracey,Yeomans,1,CR41 1550 5260 5798 6610 7,518.14
Roy,Britian,1,VG51 QFLH 8874 6990 7998 1416,509.78
Wright,Streets,3,AD30 5643 2204 OY2I D0NF FN3F,534.83
Carlina,Spens,2,RO71 SLTT ABOM FVWL FZQ3 TQMW,604.71
Bailey,Jakubowski,1,HR51 0455 4157 5415 7649 6,803.88
Sianna,Russ,2,GL25 3576 7478 8510 00,549.29
Biddy,McGowran,3,GL36 4948 0545 8053 80,611.54
Margery,Stratford,3,EE20 6644 4658 9510 3445,969.22
Jillayne,Neve,1,LB76 5612 NPE4 T0KF CRFY OYUZ E20F,707.55
Gasparo,Polley,1,FR09 3031 2759 82IZ HENF F9M4 184,234.14
Ari,Thorneloe,2,NO90 5248 4465 577,1064.66
Shari,Sandercock,3,FR42 1715 5226 39YP NRCO GX4B F82,462.41
Sutherlan,Burwin,1,CR29 4774 1423 2518 2419 3,995.42
Cam,Blundel,1,GL59 2456 8406 6079 33,587.39
Melodie,Layburn,3,GR08 1711 564N WPRL 5AXH WJI3 UCV,1081.04
Loutitia,Soffe,2,GE90 CL46 2556 6749 4640 13,309.46
Elnora,Di Meo,3,LU10 860X NJ11 KL5B CA5E,1116.69
Maxie,Ingman,2,FR31 4062 9746 81MG N4W5 IM0E V99,1138.0
Mohandis,Terrelly,1,FR52 1801 0731 87G2 9LRF A5H0 503,908.02
Jessie,Hallford,2,ES45 4869 3680 6470 5056 1447,945.47
Darell,Spinola,1,GR87 1982 765I 5FQG CF9T DGTG TR2,771.56
Orbadiah,Ogglebie,3,KW55 JUNQ AKFG MXQR 7ADI 199Q MBEB CQ,1190.95
Pasquale,Garstan,2,MR63 3751 6646 8283 3518 2994 274,420.21
Erica,Northover,1,AT57 6098 0664 5665 2655,335.11
Cindee,Schimke,2,CZ57 6274 2945 6027 8216 0940,759.8
Nomi,Handforth,3,BG34 YVFB 1495 563S W4IU ZB,414.78
Earle,Pooke,1,LB75 6568 VI4G 0FBQ DEQ5 TYL5 VWWZ,298.54
Debby,Killby,2,FR58 0463 3907 03FL M2HO S31T F27,1019.66
Norman,Marklow,3,LV47 GAQN UCLP 42MD DVIK 0,786.1
Millisent,Fanton,2,FR72 4142 0969 71GC KLZX FSAY 226,524.5
Sonny,Van der Merwe,3,MC44 1939 3872 31CY ZCDT 2LM6 Z04,937.83
Faina,Stribbling,3,CH89 4718 9HST ITHE 95I1 A,327.67
Jules,Fronzek,2,NL52 PPKV 0306 7364 87,287.51
Wilden,Penner,2,DK22 5816 3851 8119 24,935.18
Magda,Lyndon,2,HR19 4227 4422 5035 8981 7,730.0
Donna,Dannell,2,KZ17 036I 2XVA IMIQ 6WNA,958.81
Davie,Alywen,2,BG05 ENQS 2718 98FK HTPZ JU,234.56
Clywd,Joysey,2,IE28 HRVI 0050 2871 2414 83,1047.77
Phillipp,Parrin,3,LU63 229X ERUG WKMX TN3C,994.07
Wendie,Fobidge,1,SE04 3109 6962 0070 4680 2168,582.55
Homere,Gamlen,3,IE51 EERB 3125 9175 6191 26,555.84
Jemmie,Brende,2,KZ46 882S H4JA B2HH 15NN,1067.94
Alec,Grevel,1,AD13 3478 9683 XBWH KH74 66PA,545.82
Theodosia,Weatherley,2,PT77 3312 4410 0044 8842 9576 0,285.36
Bridie,Rapin,3,LI18 2318 5ELL LV3R GSUG H,1088.4
Jareb,Romagnosi,2,DK18 2784 6082 8786 96,1109.05
Meade,Cleall,3,NL58 BBZC 3153 5104 66,864.25
Veronica,Calcut,3,FR80 0818 3745 07JV JIMR Y3KO B76,483.99
Katusha,Bodicam,1,BR22 6359 4599 9689 7438 4434 262K M,1139.27
Sarine,Gaspero,3,IE59 RYQL 9978 0539 6165 62,211.15
Sergent,Avramov,2,MU26 EDJB 9651 7896 8416 9058 648N YX,864.88
Amalia,Klug,1,AZ96 ZZLP GU2M O3AL CQXK HFU4 KPKN,770.94
Osbourn,Di Maggio,1,IL94 2419 9362 2035 5666 329,812.93
Kinnie,Murrells,1,FR97 6582 5017 13JD Y3IR ITLS K93,227.54
Germaine,Graine,1,PS82 WQZG HXDW LOG1 7ZZH NGS5 BPSZ Z,1057.51
Gothart,O'Towey,1,MD25 KXHY OTNH U37Y F13J ABNX,920.17
April,Comben,2,FR12 0783 9176 79YY ZH0Q MRU2 I71,472.01
Essy,Attac,1,MT41 EWZR 0944 3BNB UIWX IM4Z OOYY ALG,1090.82
Jany,Baumaier,1,SI74 9118 3414 4848 524,333.77
Darb,Paulot,3,PS12 YPCE I4EU MBUO DHPD CZIQ AQS0 9,553.44
Genny,Beards,1,IL13 7511 4669 7370 3147 595,778.84
Ardyce,Redrup,1,SI39 5258 2999 4694 257,1164.31
Waiter,Kabos,2,FR74 5351 0527 38OR IX6R M6PK A22,398.45
Humbert,MacAndie,2,IE42 FOYI 3529 8164 8391 00,289.15
Reiko,Beade,1,FI33 1814 6316 0180 98,1199.75
Erna,Cliffe,3,GI32 GUAO MLRX WJDH CJYU HBS,229.78
Ogden,Musprat,3,LU94 2011 ZILF VLTF LNET,619.55
Faustine,Marrow,1,FR87 5307 6170 55BS ZGJO PB6Y S39,999.32
Aveline,Tummond,1,FR72 6682 9364 29T3 XIGH UY51 A46,970.84
Monte,Heinreich,1,GB24 FXRI 5479 8946 6845 64,436.87
Harmony,Greenroa,1,SE83 6392 8751 5824 9859 5791,527.63
Maurits,Najera,1,CH88 5279 6I5Q ZZU9 LIDT D,588.44
Munroe,Cattemull,2,GI88 RGVO 8OTS W90I IYS9 EG7,392.99
Marcie,Skoggings,2,SE77 6556 5930 4812 0341 0514,951.05
Smith,Balstone,1,LI22 1145 0O1M IIMJ Q2XW L,848.76
Winifield,Ducker,3,AZ92 FAFE ISI7 BB5X 751I MVQT ILZB,1176.08
Hebert,Pavett,3,FR97 4644 7110 048F ONI9 A2ZO S16,1064.38
Darda,Ratt,2,IL32 6623 0416 2433 3216 448,1132.64
Jacky,Flucks,3,BG35 TMBB 7535 52LM X1I7 W5,1039.33
Rowen,Brunesco,3,DO02 OAET 5094 1848 5082 4756 3236,755.09
Morganica,Peer,3,AL66 8289 7522 UMLD 2NER 4FXT GY42,992.07
Briana,Charlin,2,AE23 1319 7538 6443 3347 066,631.39
Ursa,Brumpton,2,PK81 VTZC FTGE QS8Y PKYN AI0A,913.27
Rainer,Gourlay,3,IS34 1780 8255 3044 5790 1658 92,827.35
Goldie,Tomes,1,MR84 2123 1452 0523 4949 8614 048,1086.64
Dame,Croote,1,MT17 QYGG 0345 2UCK NPOE MGV3 AMIK PRX,917.19
Annalise,Zemler,2,GE27 XB47 4380 1840 3265 92,373.15
Stefa,Heaker,3,HR29 4163 6852 8606 8865 2,323.17
Rhiamon,Flanaghan,3,CR67 2192 6580 4927 9669 7,636.53
Alexander,Fust,2,LV92 QLDD PKBE AGJZ GXE6 2,568.41
Marleen,Saunt,3,IL89 2293 8186 2189 7506 064,1107.36
Theodosia,Tarn,1,LV95 JRPW LZWK 5WS6 2YCU Z,1151.7
Cletis,Morch,3,LI23 9113 63PA UZZB OJ9P P,741.15
Wynnie,Steel,2,AE77 0843 4592 7444 2921 466,731.06
Gradeigh,Lowerson,3,KW96 AHXX S01G 4LLM X0TP IO6P 5GEP JM,1160.61
Dud,Heaps,1,FR92 2745 4737 93OQ IZUJ CFL1 U45,475.88
Gabriela,Sidden,1,PT66 6810 7469 6494 2734 5764 3,470.88
Roxana,Walsham,2,CY07 4578 6800 UIXN IXLL 1T0X FD2Q,805.72
Arturo,Findon,2,FO32 8857 5629 6717 10,1144.8
Paco,Kleuer,1,EE81 1283 0959 0942 2272,849.31
Felicdad,Coppeard,2,IT79 R739 8218 673D 9K5I U21G H06,1121.96
Nichols,Trace,3,EE80 7893 4687 9442 4332,355.88
Danila,Antognelli,3,SI67 7322 8469 2026 722,403.86
Maurits,Vines,2,AE55 0741 5962 9360 5804 557,283.99
Fonsie,Farryn,2,MT53 BGQA 8164 9H68 RGSU XEGK Q9HQ LIB,1033.23
Celestine,Cranmere,1,AT13 3150 2704 9238 1271,745.53
Brant,Vater,2,SE32 8550 5911 1915 7104 2966,356.14
Immanuel,Stegers,2,TR28 7148 4WPJ 3ZRO TJWM UL6C GR,1107.75
Inness,Walduck,3,CR50 3676 8657 5129 4821 9,484.89
Hettie,Vallintine,3,FR46 1580 0325 810N YJ5O LIDT N61,473.2
Janine,Goodwins,1,FR39 2190 4167 52OG 6GZI MBW9 U22,1120.12
Heindrick,Pledger,2,AZ40 NPCZ 0C29 6G26 QFBB TU9P HBFR,974.75
Wendel,Rathjen,1,LT15 1329 7746 8262 4486,989.44
Jacqui,Ibbison,3,HU50 0557 7124 2700 7060 6698 1209,375.26
Evy,Aronson,3,PS54 BNPU 4UXN ID8V KABP QUK9 VSPB V,256.75
Henriette,Hackforth,3,GE31 NJ88 8967 2086 4382 68,580.41
Jilli,Spillett,2,FR62 9654 1864 38JQ DJUJ BHP5 H86,1010.58
Alene,Vassel,1,KW92 BGNE 6FUH 9HWQ AEKP DU46 7FBQ IF,797.47
Sheelagh,Du Fray,3,GB37 GCKA 1470 4521 1683 12,803.57
Nathan,Alcido,1,FR86 0885 1799 44FR PHDJ JL3B K99,1052.46
Tabby,Riceards,1,GL72 1659 3952 7673 98,324.02
Daffie,Stowers,3,MD62 GYUK LETA R17U ELNQ 56DN,1038.6
Meara,Perton,3,SM69 X187 8562 507Q CNY8 OLKF XPY,757.18
Mariellen,Tybalt,1,GR78 5073 287N FYJG U8PM BCYW HZS,814.05
Melisandra,Torbard,1,SE29 3691 0666 3627 7820 6834,659.92
Magdaia,Robel,1,AL94 6892 1263 BDJH SFCX TVBS PW9F,1076.26
Caprice,Brasner,3,MC89 0680 0547 00LA WSEO VVZ9 265,278.02
Lazarus,Praundl,2,SA19 49RM NAFK WFVO 0YYY HTSK,396.67
Molly,Happert,3,FR52 5168 1687 64OC DR0X EEBA S83,358.89
Stearne,Lukes,1,DO76 F9BR 3960 2522 5262 3258 7125,1133.43
Reggi,Fidoe,2,CR79 4780 0506 5761 1820 3,653.79
Harmonie,Goundsy,2,CY96 9778 8352 RG1G R4RO VJDE UIWJ,851.77
Pablo,Syddie,2,LI83 1107 2HYU UV5X XLD2 5,750.89
Aylmar,Cabrara,1,FR45 6362 2872 99ZJ ZVUR V8JD S15,578.62
Neysa,Higbin,1,HR77 4841 3232 0509 6874 7,711.49
Catherine,Meggison,3,FR82 4513 8427 25ZG M9ZX 9WYT S16,1122.39
Farlay,Canacott,1,SI74 1141 1220 6955 674,1109.57
Nat,Allsup,1,CZ13 0716 3789 8006 8584 1031,262.28
Eachelle,MacRorie,2,IL27 2215 7731 3630 7189 564,988.12
Kipp,Ebrall,1,TR90 2914 1ZAG APRW 1QEN BJEL GB,882.68
Nate,Goodinson,1,FR91 9351 7720 08JG FEXG ANFJ F05,998.77
Elenore,Sherbourne,2,FR22 0759 3737 06ZV COJB DVS7 017,247.59
Candida,Postlewhite,3,RS70 8936 5448 4606 4132 97,204.12
Tresa,Gulland,2,GT22 FONQ BDCS ZAE8 ZYMQ OE6V O26U,1128.09
Byrann,Doog,2,BR62 8205 7772 2100 8656 5838 885G E,228.81
Tanya,Domoni,2,FR11 1258 7808 86HX ADU8 UQVR M90,1053.03
Moria,Graddell,3,FR39 2586 2047 27NZ 5PKO N6E5 U04,583.83
Lane,Curteis,1,MK40 466C SBF4 JIJH P05,222.26
Colette,Lombardo,1,FO48 8015 1029 9434 83,641.92
Munroe,Birkinshaw,3,SA57 703U BQNT 7TXW 7ZWD WL02,850.51
Birgit,Sole,1,FR56 4664 3287 31TI VSA3 D2EJ B55,931.85
Chrystel,Ferry,3,NL35 PSAN 5767 3903 56,847.61
Otis,Fessby,3,FR31 0367 0540 05GL I41H TSOX Y84,775.67
Johan,Rosin,3,FR29 9100 2568 93C6 MIUG DNOF U98,711.24
Renie,Thompstone,2,FR59 8373 3961 3967 NQSX 3GAI W63,1037.4
Susy,Bennoe,3,CZ27 0243 7784 4960 4158 4977,838.82
Ninnette,Crean,3,NL52 UCSB 1130 5646 54,348.98
Petronia,Cuell,3,FR81 3280 6621 49CG MCIL L7DV K56,952.82
Cristobal,Kirkbright,3,TR89 9548 5QZV VOXU 6QBC 9NHM IZ,799.22
Hetti,Heinzel,3,AZ22 RFDI PHGZ ZXYF Z4AP Q7Y2 3NX3,1063.52
Shaun,Kigelman,2,FR80 8561 6045 51KI 9Q7L TNOX J18,708.63
Idaline,Shord,2,FR09 6787 0882 16U0 1QG0 S6MC K71,1181.42
Claudell,Giacomo,2,MR71 1818 2400 6653 6982 6366 677,315.59
Niccolo,Stuehmeyer,2,GR21 7535 043I YUON WXTS 71MP YH2,1104.57
Hamid,Toderini,1,KZ51 739Z RWQ5 AK2Q TACD,474.36
Mable,Armell,1,SE96 6585 6655 2999 6380 2828,952.57
Doro,Shurville,3,AT54 8432 9319 6809 7500,1012.69
Chicky,Tsarovic,2,FR68 8386 4743 74SO J6T6 D2X0 E94,328.96
Herc,French,2,MR37 1926 4370 0369 5424 6933 165,405.79
Woodman,Marjanovic,3,FR20 2946 4463 20AD QMRA YOCN U25,398.29
Amargo,Corstorphine,3,IT46 Y413 4427 806Y KTNP 7M4N KFJ,737.59
Nissie,Packman,3,EE55 3313 5108 1785 2523,593.29
Bobinette,Greenmon,2,CR51 9852 3051 5798 1165 3,932.21
Chen,Demann,2,MU66 DCQL 3972 6976 3360 6615 914H FC,278.24
Nananne,Rowland,1,IE39 MDSX 3669 3395 2288 49,873.63
Shawnee,Altofts,1,SI21 1876 1852 5358 256,1136.57
Lisette,O'Currane,2,MD24 MOJH NCDN SJWP QAOZ DAT0,727.65
Crystie,Adamek,3,AD66 9301 3197 XLYY QUHN EKVM,416.18
Lorenzo,Bonhome,2,GI02 EHNV JQEX AUYC YKH4 SYB,455.64
Dominik,Andrioletti,1,FR80 5214 1014 51LH IVMP VK0M G48,206.17
Ondrea,Sabathe,2,FR08 8666 9815 88SX QNDO KS9S D18,316.92
Sheffield,Stockton,1,PK54 SKLU K0OF WCCX J8ZR HDOQ,338.37
Fabian,Medgwick,3,HR51 0787 0346 1041 2933 7,399.21
Kaleb,Chesswas,3,BA72 0310 5477 0840 1026,612.42
Klaus,Kiledal,2,MR20 6431 6612 8792 3277 4623 161,743.51
Gottfried,Else,1,CY73 3809 2160 SK6X 8NJJ LSMK NOHW,1139.08
Brittney,Scottini,1,PL79 1242 2737 4440 7777 4244 4882,1118.69
Lorelei,Sayward,2,MD25 EJ7X K5TL BSEU HNME RYJA,736.27
Ingeberg,Maidment,2,CZ77 1424 6733 3375 8593 6594,591.13
Ardelle,Lankester,1,NO60 8227 7385 714,216.51
Gerard,McIlheran,1,DE85 1286 4514 8364 8689 12,911.04
Jabez,Zylberdik,2,FO34 8621 9412 6716 95,631.71
Golda,Stapele,2,ES98 3409 5254 8488 1414 1040,1192.06
Lian,Rudinger,2,MT52 JMIU 4522 28A2 AXTM OUTR EMM8 Z3K,504.51
Thorndike,Calyton,1,AZ49 DIJU EYXG GQPG LZST D5T8 P3CM,1031.97
Thorny,Pykerman,3,FR09 8563 9603 17OD 1GEK CAA0 U89,990.96
Adan,Mycock,1,KZ59 164P X79M RBFF V1MT,755.89
Salli,Zanetto,3,SI35 1013 8871 0675 723,1139.04
Frederigo,Hallock,1,ES08 8010 7301 9987 5099 8417,570.12
Gennie,Sharpin,1,SI18 9532 8537 9491 153,1090.89
Nevil,Hadigate,2,BG65 HPRA 2939 94C8 LITM BW,302.89
Anjela,Talman,2,MK71 333I ETUR NWNM O53,1139.17
Tiphanie,Megarry,2,LT09 5977 7016 7861 0900,1072.29
Waite,Danilenko,3,MK69 655F DT1K 5YDR M72,1045.43
Letisha,Adanet,1,FR50 2150 6380 75CW 5QEU Y4GO B74,731.4
Gaultiero,Buncher,3,LI07 0000 7CCQ Z3UT JIIF F,544.92
Meryl,Layson,2,FR71 1427 3061 90VF IIOY 95BI M10,204.91
Queenie,Broyd,2,MR03 3601 6721 2799 2045 3888 654,798.56
Dew,O'Murtagh,1,KW44 GRZR WLAV ZJJT AG2J R1YF KGJL 61,1198.54
Gavin,Walentynowicz,2,RO35 YNJV DTVI 3RMR 3WHK QTQY,633.78
Sloan,Bentley,2,FR55 8169 7339 49LL CYGQ ICJH P29,476.02
Kermy,Wolfendell,1,FI23 8503 5877 6245 49,652.53
Hew,Shakesby,3,NO25 6847 3074 814,326.84
Gizela,Brettor,1,CY68 9939 3001 N8RN PHVS G0VT KWUM,388.6
Leena,Redferne,2,PT39 7415 3736 3416 9828 9606 4,1023.66
Gibb,Martinez,2,FR57 7454 3653 13CJ 1CAA B8HC 659,956.31
Keene,Flaherty,2,FR47 4632 2149 55CB BLBA E6RZ O80,716.98
Ernaline,Feldmus,2,DO05 UW5D 3207 6759 6967 9168 3335,1159.99
Dael,Rospars,1,GR19 4614 408J EVVR HQYB I3XB EYE,287.43
Ossie,Pendleberry,1,PS89 FTJB PM9X VGOH J1IP SPA3 USV3 Q,890.63
Britt,De'Ath,3,MD13 CURS B1LD ZOVW TVTY VPAJ,619.5
Innis,Adanez,1,FR52 4183 2051 23Q0 UCNR UWCJ R69,1007.1
Maribel,Wellbelove,2,RO22 LONU AQS4 AZBB FBJR 9WJX,353.11
Andie,McAllester,1,GR56 3279 152P OV06 4IFD OJRQ SBO,357.29
Vale,Heineken,1,FR08 3817 7109 700Z EJXP MERG C30,1132.52
Valma,Silbert,1,GL38 6082 8309 2310 11,443.34
Atalanta,Hardwicke,1,PL93 0654 4629 3017 4653 1626 4175,756.27
Lindi,Kynston,2,VG35 EWEN 9169 9517 0018 9761,755.11
Marcelia,O' Mara,3,LU11 114O QGEA L67K TYX1,958.52
Vernon,Messenbird,3,IE73 JWXP 4396 8733 5178 71,750.04
Farris,Dugan,2,BE35 2960 0565 9734,1037.24
Drucill,Leuren,3,PL26 1230 1016 8778 6799 1361 0418,1154.04
Ivette,Barwell,3,MR23 3470 9736 8960 7469 9831 187,699.38
Rivkah,McPeice,2,NO21 7106 6059 195,425.0
Elissa,Redgrave,3,CR22 2801 0738 2021 4404 3,444.75
Odetta,O'Hannay,2,FO50 4813 5946 2033 23,514.56
Ruby,Kingham,2,MK59 544D EHUH GRXP X34,342.48
Christa,Weippert,3,DK82 5075 0764 6627 82,474.65
Angelique,Lathan,3,SE28 5733 4757 8651 5955 3533,1194.29
Devora,Stokey,3,EE62 5096 4341 8986 0290,751.22
Felita,Wibrew,1,PT83 0757 3838 1154 0953 5180 8,992.85
Rosemonde,Abell,3,MU57 ALJT 2562 7131 6538 8673 580S AM,448.86
Mendy,McGrann,2,MD16 0K9E 0LUS 5RS6 3COY YQ42,351.75
Rod,Pontefract,2,SE31 6678 1308 6539 7014 6019,549.89
Tatum,Pesic,3,BA94 6955 9142 4887 2743,335.09
Jarrett,Fossitt,1,AD29 9300 7159 16SP QCOS PDIQ,521.8
Melodee,Smee,1,MT05 TBUF 4164 7QQB DCXM PIVS 9MRU FQN,610.1
Sherlocke,Hubbocks,2,HU41 0320 9689 8376 0394 4988 8279,1033.21
Debbie,Minto,2,BA05 8075 2285 0698 5150,877.13
Kinna,Gritland,3,HR36 2115 9387 6905 8041 6,286.77
Darcey,Van Daalen,3,FR38 0743 6516 85PY HRTH LTZJ 276,598.27
Chere,Hassey,2,BG65 GVVH 5709 6502 FCHZ JL,577.27
Maggee,Ridings,3,CH96 0756 3SHI LGL8 BVV3 Q,647.69
Francoise,Knibbs,1,BR23 1037 3030 2284 1275 1124 119K H,356.17
Jeddy,D'Ugo,1,NO22 7315 7427 871,1101.56
Phaedra,Lechelle,1,MK93 133B DZ0D RCJA E83,997.06
Robby,Concklin,1,IL79 9049 7827 9545 3854 758,309.51
Gar,Phippin,3,KZ42 410A RUZU HQ06 4OUM,762.47
Blaine,Delepine,2,CY77 3041 6546 GJYI EJ3I HOXU L8E5,702.34
Delores,McClenan,3,DO64 GKDZ 3041 4470 2309 5156 9466,483.29
Maje,Brede,2,FO73 7342 0819 4371 22,951.47
Terri,Valdes,3,GE95 KW55 7696 5171 6361 42,257.94
Talya,Bythell,1,FI24 1947 7633 6254 05,724.14
Aldon,Langdale,2,PL05 2410 9385 2496 4324 2986 9800,859.69
Doyle,Rolfo,2,IL38 4633 5270 8753 8630 321,718.74
Wyatan,Wetherell,1,FR33 9493 3525 444A RQO8 PFWG F24,219.86
Valentin,Leahair,2,PL38 4941 0386 8667 3803 1776 9164,982.88
Christoper,Bambra,3,FR14 1852 3301 264K 8JRE VEC7 N78,477.45
Egor,Enderwick,2,MK86 699R YP0D VITY 492,940.96
Ignace,Knatt,3,ES54 8998 9009 9890 7599 0423,237.73
Mic,MacTimpany,1,GB54 SEAR 1955 8712 2433 43,218.38
Dotti,Brockley,3,FR39 3169 0059 87U1 XUEY DV5C V66,1018.51
Reinhard,Alchin,3,SE82 2387 1266 1035 3228 3137,600.81
Nicky,Shillito,3,TN33 4632 1246 4057 8549 4354,757.42
Phyllis,Greenhall,2,PL41 7511 8595 5799 8052 3371 8151,1197.12
Lem,Shelf,1,SM67 X670 3402 599U PXDG QE5X PCG,1100.59
Tommie,Kernan,3,ES84 5577 8380 4668 6080 2737,851.23
Idalia,Lowndsborough,3,LT98 2043 8981 8477 6166,325.96
Demetris,Naton,3,LT73 6197 9867 2648 2905,1117.74
Briant,Cornels,3,RO02 LZQM KSAH WEVR LEAB UP1J,299.22
Giovanni,Geater,2,NL90 IXQQ 6822 1601 86,789.95
Hinda,Moses,3,IL83 9511 3756 1178 9476 137,656.17
Emmalynne,Yokel,1,BR82 7865 6562 9659 7110 3081 573U Z,601.61
Rivalee,Bennit,3,FR49 3529 6066 70BQ EWAB V8NT 732,1190.87
Caspar,Heimann,1,PS92 ANRE ZACW R722 9SJN T56E LSTR N,556.96
Vere,Veart,1,VG07 HCLG 7711 4759 2504 1767,766.1
Zorine,Stubbes,3,HR34 0057 6084 5958 8274 7,236.47
Annabella,Clift,1,NO57 8441 6083 672,477.25
Loise,Blaik,2,FR43 6353 4663 23G0 S9UK I7QH R23,472.73
Faun,Brockett,2,KW14 YQVG HMEM PPAP IUV2 KFEV FK7P JP,1175.83
Saul,Drew-Clifton,2,CR77 4077 4009 5633 9551 1,262.26
Isis,Soaper,1,TN53 4015 3205 7368 0335 7859,630.69
Melita,Silley,1,PT54 3127 4628 6660 5471 9874 3,305.14
Merrile,Kienl,1,HR71 4986 0381 7186 3371 6,477.94
Luigi,Crimp,3,FR10 0241 8535 86AD IVDZ UW3Q F61,278.99
Felic,Philippon,3,VG33 NYZT 4925 4475 4611 7554,302.24
Arv,McNulty,3,FI12 6243 3011 1618 05,1178.63
Edy,Onge,3,KW24 BSBM WUUW WCHE JHFS 58S8 OS6F OH,1105.47
Gloriana,Branford,1,FI55 7363 7867 6723 72,1109.14
Auguste,Geely,2,BR86 1846 8819 5200 5987 3904 333N A,872.87
Ethe,Alvarez,1,FR87 1727 6646 15B5 4PNX TIJQ Z78,621.6
Starr,Stickney,1,BA81 8872 6878 7692 8230,648.64
Daveta,Silvers,1,MC32 1920 5380 33A3 ACYI NBE5 992,1124.46
Coleman,Treen,1,MU37 UHKT 1833 9290 7863 2699 362I XU,373.34
Linus,Blethin,1,CY32 7634 8283 QWOM YGT4 S9LV UALP,511.82
Dorene,Sutter,2,CR53 0007 7910 5951 8187 5,1085.23
Bernadette,Jay,3,FR77 6938 0415 25UU WXY7 BHGZ P66,805.24
Mame,Instone,1,NL98 TUUF 7896 4706 51,757.08
Zebadiah,Brownsworth,2,DE54 2034 5052 3846 8001 26,912.62
Nonna,Danher,3,FR98 0142 6195 375R AB3D X4T7 564,615.37
Whit,Simoneton,3,LB29 8417 FO00 M875 3PDG 8IX0 UISZ,221.38
Atalanta,Ferriday,3,BR63 6686 3067 5682 9387 9755 707O X,702.72
Judie,Ruffey,3,BH90 CEWY VUGF 9OTR GXDF NQ,337.98
Kynthia,Coventry,1,FR73 5640 9592 86XW VEYW 52CE F58,963.48
Daphene,Endecott,1,AD60 6727 0695 P6AN CTR7 DTDT,650.9
Sheba,Eberdt,2,LU96 108Z UX8L 7MYL UIZZ,712.61
Barb,Tunder,1,GL62 8298 3138 7018 95,350.24
Birk,Yakunin,3,GR92 5803 031P 5QWT 7I3M EIBF 2FA,542.74
Noella,Bentame,3,PS47 MLVD XZR2 ZJRR ISIM REFH 4CFN H,770.83
Judye,Robelet,3,VG61 HJKE 3742 0595 2616 2111,867.6
Don,Symes,1,CH81 5908 3PMI QHV7 06UN Q,898.45
Christopher,de Quincey,3,IT32 R396 9452 750A SK8S MZ86 WSR,1166.67
Lief,Potell,2,CH10 6613 8VAX SWAC PTXM B,216.93
Pieter,Kruszelnicki,3,FR30 9782 7556 81VO 1HUW 2SBH 210,1188.01
Adan,Connechie,2,IE40 IDKC 8276 9890 6707 11,431.43
Ruggiero,Revie,1,MK23 146V QH49 QMMK X05,1062.31
Lenna,Lockhart,2,VG08 QQTM 8637 6378 9273 2394,569.96
Dionne,Grieger,3,AD87 9341 4362 AT5C ZTMD SHUL,403.31
Paton,Obington,1,AZ40 YNBJ YMTA OKKA WC62 IDZ3 DXNH,1082.9
Dalila,Erickssen,2,RO69 BZKW ENPM IJEY CDW6 JNLO,689.49
Nonah,Yeell,1,FR96 2211 0459 66ZJ ZHZN EB7T N16,1193.84
Starla,Brombell,1,IS17 8459 0654 1983 6828 0083 80,947.5
Daile,Fance,1,AD73 8188 0606 7JGT 8ENX DUHU,596.15
Erhart,Wookey,1,MR21 4847 4379 5405 4378 1694 081,227.22
Nelle,Saurin,2,AL80 3538 6446 MNQY PUX4 HO1W 3USZ,417.59
Helena,Vaissiere,2,NL09 KTDL 6293 9932 62,1197.56
Abigael,Duffyn,1,NL15 ZKAD 5948 6309 51,719.82
Joane,Meace,3,RO56 ARKP AUXC YTQL QRGJ WYOI,453.46
Carce,Freeborne,3,DE57 9700 5733 3380 7249 03,455.32
Antony,Fidal,1,FR14 0295 8629 80CE TKIP BIOW F95,772.77
Salvatore,Comford,3,CH02 7582 6QWU DK1U 0GMR B,1176.14
Pegeen,Standing,2,LT58 4652 6673 6228 0108,733.38
Wilbur,Rubinshtein,1,FR26 5587 2988 57XU 8YXG UFXV Z40,850.16
Eleanora,Mayger,1,DK47 9488 9144 0281 76,1063.68
Mylo,Pomeroy,3,GL35 0459 4311 8969 05,669.96
Dannie,Purkins,1,FR91 4133 5073 642D QYKT BY6P E91,337.85
Truman,Farland,3,BA97 9106 2933 6991 2093,909.26
Terza,Hearne,1,PS16 HVUO YIY2 BWMK HILG DC9N EZSX B,919.49
Agustin,Beviss,3,SA91 97Q4 ZM3H EKRX J2BM CI6C,1005.13
Leticia,Ganforth,1,SM23 A677 3410 523H CBFV J8MR FQ0,473.86
Magdalene,Rudderham,2,HR56 5586 3539 0459 9886 3,561.05
Lynea,Sline,1,LV56 GPZO IXLP BQ0K 1SHX Z,348.84
Joleen,Trewett,3,BH18 FDCX LOCA 6OGP NMXF G5,961.65
Eben,Capron,2,IL43 1323 1996 8197 1044 924,1075.84
Joachim,Saunier,3,FR68 2832 3106 38UQ J3OP CM1S X60,503.91
Brigham,Duckham,2,ME52 6939 7361 9833 0032 13,821.83
Malcolm,Hughson,3,FR97 8983 5798 30H1 WMJP Q2CC O87,983.92
Cirillo,Weddell,2,GT12 FCIL X3KL 4PSW VU4E QT1R QYHS,1157.73
Faulkner,Gravells,1,ME68 8601 0236 1938 8841 41,319.84
Shandy,Gallymore,1,MU73 KDTB 2701 5482 5529 3270 287K KV,245.67
Iris,Belfield,1,ES27 0827 1617 2902 6901 8098,481.16
Baxie,Ronchetti,2,PL83 9856 6505 6679 5982 5925 6043,958.43
Tymon,Barthrup,1,BG42 CEWR 6838 26T8 FPTD EK,561.28
Rhodie,Iles,3,MK86 986I 1B9P PQTM 031,966.58
Thatch,Stains,1,FR38 5709 5868 87IC L799 IGPQ U13,672.65
Rosy,Edler,1,FR10 9145 7822 92UD ZFCS IKII 157,266.78
Delphine,Reed,3,MU77 BTPW 7178 1946 4692 3628 833N TL,1001.09
Clayson,Leeson,2,LU37 9611 SOON VOT6 VL3B,697.25
Kylila,Meron,2,BG04 BOEG 3759 91RA 0HTT CB,222.88
Myra,Serjeantson,3,FR71 0415 5116 37WD MKZV WBJM F39,550.29
Appolonia,Breinl,1,PL94 6520 0191 1373 0809 8493 6219,533.65
Judd,Embling,2,LU23 505I EBI9 09B8 87GU,1030.61
Rollo,Larking,3,AL93 6009 8078 NNZK IZ1Q RUKJ JIMC,452.59
Roxine,Pigeram,1,GT14 89VP XSEF QS1H GEGT QHFO HEOR,883.06
Agata,Scullard,3,FR61 9886 6187 44FO ZRGT WG0C R44,826.76
Magdalene,Atwool,3,BE80 5906 0620 2409,272.02
Chevalier,Caygill,2,NO39 4668 2064 623,208.3
Zacharie,Kornilov,3,IE73 PENB 9340 5862 6707 14,605.65
Cort,Warbey,3,RO91 RVWD RQWK YOP9 M4PL Z1MQ,247.15
Berny,Iacobetto,1,KZ58 611C KLDJ RZG6 UPSE,433.55
Angelique,Hatliffe,1,LB85 2395 BDGN WNHX CTOP OV2E MS6V,900.02
Brian,McCathay,3,IS39 8588 4495 2019 6637 8826 26,669.61
Vivie,Dalrymple,2,LI93 1211 6IJF MTDP MUXR N,709.62
Kendrick,Nell,2,PS26 JWMJ YG22 XG2S NSEB Y7LX XKXF I,405.3
Garik,Stanislaw,3,LB27 7477 NYXU KHXL 1U2S UAP4 SJ5Z,233.92
Tisha,Kybird,3,AT13 2455 9453 6303 0864,491.23
Francois,Tinston,1,FI85 5702 7320 9528 72,940.15
Elyse,Ferraretto,1,SM78 P269 9583 435O NHGV JL7Z PTY,969.08
Merralee,Laughlin,1,AD10 5027 9442 1GCT 9VAI FZ3A,320.94
Wendie,Calles,1,PL32 6049 9069 3066 9397 2315 2095,253.95
Timotheus,Trebbett,1,BH90 KCMV 9YVS BVSS KCRD SE,1056.35
Korella,Bassilashvili,1,IL69 5529 6396 5698 8972 357,722.55
Georgia,Dorsey,3,BR71 0743 5358 0365 7899 0863 519N A,643.97
Margaretta,Maus,2,GT38 R0CN 7SNU I2UK N9VV OBNN MY38,849.67
Grace,Coot,2,DO15 Q6K9 5738 9903 0558 7845 5180,568.07
Corey,Bettis,3,PT35 8789 6759 3738 5823 7706 3,583.5
Demeter,Partington,2,GE76 RF12 7756 5044 9529 93,926.67
Darda,Mudle,2,GI71 HXNR CWW1 PTXG JOOZ I3J,555.1
Flossie,McFaul,2,KZ74 780Q 6TRX 0SUE S02H,389.46
Ryon,Ockwell,2,HU96 6403 5420 8130 7898 7104 6121,1189.5
Charlton,Struttman,1,CH61 2248 1FCI M2HL ANMR T,844.62
Monte,Goundrill,3,PL36 1890 4839 3268 4306 2414 4605,400.14
Maighdiln,Vernall,3,FR03 7866 3545 267C W9KE B2G2 X55,895.29
Josias,Wadworth,3,LI60 0586 3AJG 0LKG B0ZK V,298.84
Bearnard,Runnett,2,IS56 1949 9310 3008 4198 6150 73,598.03
Wesley,Algeo,1,GB37 ZTBE 0750 0947 4206 29,318.91
Cayla,Saur,3,VG43 YVBH 2373 8928 8399 4234,238.07
Donn,Wilderspoon,3,PT12 3752 3545 5669 9146 6556 8,506.72
Norbie,Mattingley,2,FR65 9019 4991 19WI JDRY CJE4 T30,210.23
Martha,Mungham,3,FI71 0246 5631 6077 32,522.67
Violet,Gommowe,1,BH87 HKWC TJ0C YMRE JZKY 5V,1086.1
Nolan,Dericot,2,DO42 NPXZ 0490 1310 6168 1220 7134,1136.51
Penelopa,Spur,1,PS56 HAOI SC2G 0FH0 CKSQ ZFKY 0XHU I,1019.43
Betty,Keaveney,3,AL16 1837 0804 QWAT GVTY 3L76 VDY8,736.9
Lezley,Sturridge,1,GL34 7539 0317 9809 48,1179.34
Susanne,Webermann,2,BA64 8188 1071 4636 2063,211.39
Freedman,Dukes,1,KZ42 489O BDYE Z59Z CDMX,1122.37
Burlie,Blackham,2,LT82 2652 0498 5040 7203,484.9
Spencer,Janaszewski,2,DE28 5068 2520 2531 6061 41,315.7
Francene,Hryncewicz,2,CR09 9165 9596 3559 6619 9,228.53
Rikki,Kording,3,IE87 WERO 3452 5805 0181 65,543.87
Heidi,Burnsides,2,CZ79 9079 0986 4693 5596 8300,499.86
Archambault,Cope,2,FR80 8914 0102 12EM CTS6 UVQJ B36,743.63
Erminie,Boston,2,PK14 CJPC XMIG KHFS XGJL IRPP,840.88
Seumas,McIleen,2,MU27 TBZB 5972 6208 5625 9221 185J PX,618.5
Angelo,Callum,2,FR46 9311 5820 25IL RVXI O18N 804,990.62
Arluene,Schruurs,3,TN50 2300 3673 6507 3754 4004,1019.93
Corrine,Pehrsson,1,LV63 IHLC LSQF Z7UV Y1WE N,360.57
Gibbie,Johns,3,MT45 DCUQ 9375 9GBE SDSS TFBT VJCX NYX,1097.08
Donielle,Pinwill,2,LT57 3429 4094 6619 8248,1155.57
Ambrosius,Prudham,1,LI75 5911 40US OOHE ONRM V,258.58
Isiahi,Pigne,2,HR31 3689 0431 5235 9915 9,798.66
Alikee,Holborn,3,MK63 143Y HFC7 8RAF V46,223.78
Ellynn,Esmonde,2,VG40 QIUH 8407 8758 7687 2651,881.96
Cookie,Vinson,3,PL05 5108 4654 5025 0191 5992 2257,637.58
Kin,Gotling,3,LV72 UJUF 5RHJ J1L4 OLIL W,588.67
Flor,Stoak,2,CH88 2431 21ZE CB5Q W3VD F,559.08
Prudi,Rollinshaw,3,CH06 0293 1DLT VO9F ELSD 8,409.71
Worth,Belloch,2,VG19 CCZO 9810 8734 3400 1445,542.59
Stevy,Berrey,1,MT82 WUKX 0723 3NLR JPET M4TA 9XAQ OMG,493.57
Gerek,Hobble,3,CY37 4426 4426 VDA4 PRHY FM4D ARKY,637.54
Ragnar,Rosina,2,FR26 8543 5126 919S JAGU NDHD K15,792.3
Gillie,Troughton,3,MK89 982D CNIM Y6CZ 694,990.65
Hilde,Daniau,2,TN10 1033 3124 3490 0916 3220,634.31
Verine,Hodgin,2,PT14 8843 4624 3003 5233 7550 6,271.07
Astrix,Low,2,IT42 L403 1002 0040 IDG1 3PLV MLI,911.36
Salomone,Rennison,3,NO47 4329 0591 593,673.89
Flemming,Sinnott,1,BA55 1757 6336 7321 5841,324.51
Frants,Camin,2,MC13 2012 0586 85MK EWUS 58JK N08,976.18
Christophe,Cushion,2,FI75 0705 6897 3173 14,663.37
Clark,Bolam,1,HR22 1507 1726 9981 5615 6,459.69
Aida,Pettwood,2,LB21 7804 FUMH EINV 3DZN WXRS H44T,339.59
Teddy,Osmint,3,KW92 BIQI FRSY 3HKK KIBW JMBE HPUK KG,1013.88
Mirella,Grichukhin,1,FR58 8194 5326 40RE X9EK BRAM Q76,495.93
Tremayne,Beslier,2,FR69 1340 5115 20QC PMPX WUU0 G94,459.05
Harwell,Troy,1,BG97 WFHW 6932 75ZM YFPU IY,1064.54
Terrie,Mangenet,1,GL40 2421 8282 9771 85,1040.93
Corbin,Warrillow,2,DK79 3741 1608 3614 52,367.28
Valerie,Benedettini,3,LI16 8079 4DDU LDAF RHYX G,797.88
Ad,Mitkcov,1,PS60 KGCP ZSEV MICI 6TXF V7V5 MR3O H,535.28
Hewett,Lanceley,2,FR68 4742 9676 83AP BPD6 QVJI C58,338.48
Beulah,Linder,2,HU81 0014 3457 3447 7842 2894 7091,1002.02
Pace,MacElane,3,PK79 GBQD XBBH LV03 SHKI R7PV,899.01
Desiree,Gouth,3,MK41 035T ZLRG IMU5 A59,843.87
Edouard,Nathan,3,BG46 NVRS 2894 94PB JUEJ WS,786.88
Corenda,Keelinge,2,MR72 7735 8146 8425 0547 4030 981,1016.88
Lotte,Viney,3,MC94 6428 3182 514C UVOH 241D Q12,300.63
Wernher,Rosewall,2,AZ51 DJZM VHFJ TDCA HPFZ ESVE 0ZTA,314.28
Philip,Moores,3,MT84 QLVO 3712 6IZI CCGU BYYE UJSJ NMC,529.04
Rip,Stockney,1,GL37 2923 9707 7449 01,816.41
Lenette,Woolveridge,3,AD87 8669 1140 DVFG ZKGJ GK5L,1074.46
Carmine,Verring,2,LV93 VHWK EZHA OMAU LMJ2 T,331.03
Licha,Male,2,FR26 1730 7220 879T JUJM HS37 220,315.35
Yettie,MacDowal,2,KW38 JVUB B6AA OE88 J4X6 AAKX 8DQM X9,1018.46
Tresa,Ackerman,2,FR04 0790 4806 80JY QJEI HFWV Z88,783.04
Archibold,Adame,2,FI09 6851 9886 5284 42,303.01
Etienne,Rihanek,1,AL51 0679 3716 WRBA T73L TFMU N92D,291.74
Linet,Randle,2,IE55 SGEJ 7009 1750 6898 93,718.52
Maynord,Bourgeois,3,PT34 2709 7796 1521 8502 8735 5,569.15
Rossy,Keelin,1,FR50 3957 4284 63YT GGFI FL2W V39,844.7
Jobyna,Etherington,2,IT31 C312 8906 707M X6K3 CBY1 VKN,1089.81
Brooks,Witchard,3,FR65 4703 5426 38DW MTIG S4NJ R58,342.13
Spenser,Dhennin,3,FR65 2467 6573 23AY ENO8 C86L M98,337.05
Liana,Thurlow,2,SA44 90FA QRTJ VEVJ ENLC 0O44,636.15
Hedy,Bettis,2,FO73 8309 8325 5444 25,803.01
Gualterio,McIlwrath,3,LU37 6174 POYP KM55 2BEF,369.87
Tammy,Seeborne,2,LU95 390N BLTB EFY4 6BXI,459.2
Vite,Burnitt,3,FR59 1605 6248 03JQ U7EX Y9O5 J19,727.92
Casandra,Sherer,1,MC85 1850 9010 75PI GMHD HMNT F14,640.69
Edd,Gemmill,2,LT63 5851 1225 8765 4667,1152.06
Willa,Grimm,2,FR80 7786 8628 7205 YBHL Y50S F95,370.95
Scott,Mazonowicz,3,DO18 WLOS 3216 9256 4205 8056 6351,952.12
Wilhelmine,Lawrenceson,2,FR96 7604 6416 5882 WGEO D0YZ J66,231.31
Chane,Allwood,1,BG63 MSCW 4885 32CP NSIX ED,913.61
Harlan,Killby,1,GI33 FXBB AAVZ CBD0 S5MZ TMM,846.61
Hollie,Boog,1,FR62 8176 8596 6551 ZFN9 XKQP S68,461.59
Wells,Brawson,2,EE61 3302 7812 3488 0929,490.37
Marjie,Ronchka,1,TR52 0265 0AJP IN4C XZGI BOFN WY,465.89
Kevin,Diggell,2,LT81 1451 1074 7859 3586,753.94
Corliss,Seide,1,TR25 8327 0JRW TFFK N1YS URBY 02,539.05
Jillayne,Hayne,1,TR04 1450 0JSG FA6H Q9RT DUB1 K1,592.21
Win,Simoneton,3,GE70 GK21 9768 7632 5335 99,246.97
Lusa,Bennet,3,BH38 QCOY DMX1 RVK4 1512 WS,1087.76
Meridel,O' Bee,1,RO56 WIXG BAWO JWXG IWXI ZEUU,565.85
Jesse,Rummer,1,MC19 8939 7737 74SP USJL L6HF B81,409.04
Latisha,Divis,1,NL46 WVGS 9475 1826 89,807.55
Tracey,Ianizzi,2,FR87 5042 0928 46LL NSPJ QHL4 N73,941.52
Lalo,Pedgrift,2,HR37 7664 6704 9505 9649 7,382.15
Astrid,Saggs,1,FR68 1862 3028 59CR 1TUH QE10 G36,916.98
Bogart,Bartelet,1,MR26 8325 2363 2040 5551 3100 211,1066.62
Brendin,McClaughlin,2,FR41 4992 4610 2048 FHKM 3RGT X09,467.88
Giacopo,Rutherforth,2,MR71 7975 0691 2570 1214 3762 469,399.17
Tremaine,Boutellier,1,GE29 MO44 6680 7169 5269 81,212.3
Bianka,Jessard,3,GB78 HCCL 7310 7845 7951 65,1115.68
Raymund,Toller,2,FR79 0853 4961 20PO VLUY XUJT C65,1116.6
Lorant,O' Hern,2,FR38 6035 3100 96N7 0JPV WTQV V48,1181.38
Gianni,Hartburn,1,DK42 0949 0898 0319 32,648.5
Mariam,Redhills,2,KW05 YIQS L10A B7JL 0XXU C28A JEMX YC,1031.17
Conant,Daviot,1,GE02 CX43 8234 6840 8421 87,633.37
Krisha,Ferrone,2,PL69 2335 0692 9924 0846 3243 1799,688.84
Paulette,Etty,1,CR91 0920 5079 2419 6191 1,442.55
Emyle,Navarre,1,NL13 FLSM 4707 5757 79,231.58
Madge,Hirschmann,2,BE16 7072 7035 1439,1010.52
Crissie,Booth-Jarvis,1,MC92 9052 8128 25ZE 4OPP GUKO B00,986.71
Natty,Cheverton,3,ME12 4983 7062 2086 1800 04,963.3
Kendre,Zecchinii,3,BH40 GUZY 2OIW A9OM JIGK DT,591.73
Marchall,Ruddell,3,FR71 3683 8464 68QA ZAPA U1M3 R07,748.73
Roscoe,Yabsley,2,FR81 7159 9511 88BO FY4Q 1UHW P28,1198.01
Gan,Penberthy,1,FO68 8908 8058 5041 37,236.47
Jannelle,Pietron,2,FO52 7735 5535 4040 13,706.47
Rikki,Keeney,2,HR87 9352 5420 1284 0905 0,1139.82
Jeremy,Edgell,3,FR34 3270 7142 49EA ASNB FHTZ U47,279.2
Hugibert,Winspurr,1,FR76 4700 9359 53H5 JGLT FAWJ E32,715.32
Skippy,Jarry,1,FR94 5536 3451 32QJ RO1E BUAH 995,542.95
Conant,Cottrell,1,IS04 6966 4337 8272 5869 5197 58,528.71
Aubine,Spittal,1,LI64 5355 5I52 KQIJ ZARG O,899.8
Rafi,Fowells,2,KW39 NFJB BDFI ITEY AXCO 5MAO LQFE YU,675.19
Brendon,Tombleson,3,DK18 4694 9154 1164 76,372.48
Umeko,Ferrant,3,FR31 6245 8003 00UI CHIU BE4P 871,431.07
Wright,Challice,3,TR65 0123 5FLN 9URE WPXO KIBT BX,1120.28
Jessalyn,Toler,3,FR61 2893 5089 35RO R1VK PTS3 R78,853.53
Tisha,Lethley,2,IE45 BEWW 2776 3731 5196 37,300.14
Gabrielle,Sex,1,LI51 9438 2IQB HBBS GXG0 3,675.77
Barry,Dochon,3,LT92 0096 8268 0922 4720,500.74
Quinton,Tichner,1,FR18 4406 8072 130S LQF2 9EIG C50,1094.45
Ema,Hoxey,2,GI13 ZNKH XUBI UVEN E7KC 6OB,244.49
Wit,Claricoats,3,PT82 4411 5992 7350 0039 4636 4,312.54
Krissie,Ostridge,3,LT96 8998 9578 1597 0845,742.33
Britt,Asbrey,2,TN88 0829 9873 2555 9145 0922,1018.78
Bernard,Milazzo,2,RS08 8632 7706 9555 1647 26,538.21
Gwenny,Durbin,1,FR49 1739 6594 47GY G1NO NKUP A91,845.1
Brander,Bellis,3,BA80 5637 6928 6091 5078,640.21
Dara,Fairbridge,1,FR47 8279 5934 25YA PJIE O16P I34,878.5
Ellynn,Boughtwood,1,IS92 1958 0461 8999 7728 0837 19,907.47
Rebe,Lofthouse,1,NO63 6563 0076 201,438.81
Lissi,Eisikowitch,3,IE18 KWXW 0835 0955 4799 92,1191.25
Karola,Rodge,1,FR66 7446 9748 13UV IHZU NPIB F58,226.59
Judith,Lockey,2,HU43 8076 2543 7212 2438 2089 1132,467.45
Bordy,Harroway,3,NO91 6295 2144 705,752.35
Neddy,Joinsey,2,LI97 2282 3KYX WAHP IWGB Y,275.76
Herbie,Camoys,1,FR20 1942 0470 82NE P8VF F7XN G59,364.33
Candis,Eglinton,2,LB98 7904 PX5Z 9AL6 KAOM 5LA6 NHSL,380.15
Tiffy,Peedell,2,GL63 0494 3883 4811 88,1037.98
Halsy,Meigh,1,EE16 8621 0982 0240 6299,1138.59
Normie,Simoneton,3,CR68 3472 1806 1919 7430 6,382.48
Base,Lindegard,2,RS74 1623 1288 6642 7157 18,982.15
Harriott,De Brett,1,IL97 1859 8384 8417 1461 604,464.41
Jessalyn,Olding,2,FR65 6537 2132 63PV KOMW 5ARN M97,927.58
Emery,Ferreri,2,FR23 7658 3479 85JZ 4N7Y ORVX I83,268.21
